sigma,mean_jaccard,std_jaccard
0.01,0.9492545739397418,0.023252384068041556
0.05,0.8782053688572888,0.033153318748248256
0.1,0.8229178370087015,0.02727778425580115
0.25,0.6947249987722877,0.023851125681269292
0.5,0.4484472885873002,0.026334369785875385
