masked_feature,jaccard_vs_baseline,n_flagged
SubmissionCount,0.31958762886597936,64
log_submissions,0.5058823529411764,64
team_size,0.6,64
score_per_submission,0.6842105263157895,64
Rank,0.8028169014084507,64
Score,0.8028169014084507,64
days_since_start,0.8823529411764706,64
