poison_fraction,new_threshold,baseline_threshold,threshold_drift,flipped_to_flag,flipped_to_normal,jaccard_vs_baseline
0.01,0.6188711826429159,0.6255274732690874,-0.006656290626171568,9,9,0.7534246575342466
0.05,0.6237225540224174,0.6255274732690874,-0.0018049192466700337,6,6,0.8285714285714286
0.1,0.6212858574693558,0.6255274732690874,-0.004241615799731591,8,8,0.7777777777777778
0.2,0.6429741378026066,0.6255274732690874,0.017446664533519174,8,8,0.7777777777777778
